{"WalkLeft":{"Frame0":[13.0,34.0,30.0,10.0],"Frame1":[38.0,34.0,55.0,10.0],"Frame2":[62.0,34.0,78.0,10.0],"Frame3":[84.0,34.0,101.0,11.0],"Frame4":[107.0,34.0,123.0,11.0],"Frame5":[132.0,34.0,148.0,10.0],"Frame6":[156.0,34.0,172.0,10.0],"Frame7":[178.0,34.0,194.0,11.0],"NumFrames":8,"Repeating":true,"SecsPerFrame":0.16670000553131104},"WalkRight":{"Frame0":[200.0,33.0,216.0,10.0],"Frame1":[221.0,33.0,237.0,9.0],"Frame2":[247.0,33.0,263.0,9.0],"Frame3":[269.0,33.0,286.0,10.0],"Frame4":[293.0,33.0,309.0,10.0],"Frame5":[317.0,33.0,333.0,9.0],"Frame6":[339.0,33.0,355.0,9.0],"Frame7":[360.0,33.0,376.0,10.0],"NumFrames":8,"Repeating":true,"SecsPerFrame":0.16670000553131104}}